run_id,episode,avg_reward,avg_queue,epsilon,lr,gamma,loss
run_1778424061,1,-0.082667,6.6133,0.9880,0.001,0.99,0.025136
run_1778424061,2,-0.090667,7.2533,0.9761,0.001,0.99,0.021544
run_1778424061,3,-0.084458,6.7567,0.9644,0.001,0.99,0.020354
run_1778424061,4,-0.069750,5.5800,0.9529,0.001,0.99,0.018720
run_1778424061,5,-0.077292,6.1833,0.9414,0.001,0.99,0.018929
run_1778424061,6,-0.069625,5.5700,0.9301,0.001,0.99,0.018209
run_1778424061,7,-0.067625,5.4100,0.9190,0.001,0.99,0.017885
run_1778424061,8,-0.077083,6.1667,0.9079,0.001,0.99,0.017867
run_1778424061,9,-0.068375,5.4700,0.8970,0.001,0.99,0.017705
run_1778424061,10,-0.071250,5.7000,0.8863,0.001,0.99,0.017642
run_1778424061,11,-0.090000,7.2000,0.8756,0.001,0.99,0.012711
run_1778424061,12,-0.071708,5.7367,0.8651,0.001,0.99,0.012132
run_1778424061,13,-0.074750,5.9800,0.8548,0.001,0.99,0.011858
run_1778424061,14,-0.079708,6.3767,0.8445,0.001,0.99,0.011262
run_1778424061,15,-0.066083,5.2867,0.8344,0.001,0.99,0.011187
run_1778424061,16,-0.092417,7.3933,0.8243,0.001,0.99,0.011276
run_1778424061,17,-0.080167,6.4133,0.8145,0.001,0.99,0.010861
run_1778424061,18,-0.082292,6.5833,0.8047,0.001,0.99,0.010754
run_1778424061,19,-0.075417,6.0333,0.7950,0.001,0.99,0.010499
run_1778424061,20,-0.075792,6.0633,0.7855,0.001,0.99,0.010546
run_1778424061,21,-0.077625,6.2100,0.7761,0.001,0.99,0.007909
run_1778424061,22,-0.084167,6.7333,0.7667,0.001,0.99,0.007526
run_1778424061,23,-0.078625,6.2900,0.7575,0.001,0.99,0.007348
run_1778424061,24,-0.084417,6.7533,0.7485,0.001,0.99,0.007128
run_1778424061,25,-0.080208,6.4167,0.7395,0.001,0.99,0.006743
run_1778424061,26,-0.074417,5.9533,0.7306,0.001,0.99,0.006654
run_1778424061,27,-0.082417,6.5933,0.7218,0.001,0.99,0.006796
run_1778424061,28,-0.084042,6.7233,0.7132,0.001,0.99,0.006560
run_1778424061,29,-0.086167,6.8933,0.7046,0.001,0.99,0.006587
run_1778424061,30,-0.078250,6.2600,0.6962,0.001,0.99,0.006536
run_1778424061,31,-0.083708,6.6967,0.6878,0.001,0.99,0.005350
run_1778424061,32,-0.074500,5.9600,0.6796,0.001,0.99,0.005033
run_1778424061,33,-0.076958,6.1567,0.6714,0.001,0.99,0.004615
run_1778424061,34,-0.075375,6.0300,0.6633,0.001,0.99,0.004553
run_1778424061,35,-0.069833,5.5867,0.6554,0.001,0.99,0.004436
run_1778424061,36,-0.101208,8.0967,0.6475,0.001,0.99,0.004299
run_1778424061,37,-0.083167,6.6533,0.6397,0.001,0.99,0.004304
run_1778424061,38,-0.093625,7.4900,0.6321,0.001,0.99,0.004140
run_1778424061,39,-0.076500,6.1200,0.6245,0.001,0.99,0.004217
run_1778424061,40,-0.078750,6.3000,0.6170,0.001,0.99,0.004142
run_1778424061,41,-0.082167,6.5733,0.6096,0.001,0.99,0.003973
run_1778424061,42,-0.078875,6.3100,0.6023,0.001,0.99,0.003549
run_1778424061,43,-0.091292,7.3033,0.5950,0.001,0.99,0.003220
run_1778424061,44,-0.075250,6.0200,0.5879,0.001,0.99,0.003111
run_1778424061,45,-0.096333,7.7067,0.5808,0.001,0.99,0.003062
run_1778424061,46,-0.085542,6.8433,0.5739,0.001,0.99,0.002891
run_1778424061,47,-0.068625,5.4900,0.5670,0.001,0.99,0.002911
run_1778424061,48,-0.092792,7.4233,0.5602,0.001,0.99,0.002927
run_1778424061,49,-0.069208,5.5367,0.5535,0.001,0.99,0.002794
run_1778424061,50,-0.081833,6.5467,0.5468,0.001,0.99,0.002824
run_1778424061,51,-0.076417,6.1133,0.5403,0.001,0.99,0.003179
run_1778424061,52,-0.086000,6.8800,0.5338,0.001,0.99,0.002806
run_1778424061,53,-0.084875,6.7900,0.5274,0.001,0.99,0.002458
run_1778424061,54,-0.074792,5.9833,0.5210,0.001,0.99,0.002389
run_1778424061,55,-0.146958,11.7567,0.5148,0.001,0.99,0.002376
run_1778424061,56,-0.087625,7.0100,0.5086,0.001,0.99,0.002404
run_1778424061,57,-0.074375,5.9500,0.5025,0.001,0.99,0.002336
run_1778424061,58,-0.079750,6.3800,0.4965,0.001,0.99,0.002331
run_1778424061,59,-0.089167,7.1333,0.4905,0.001,0.99,0.002299
run_1778424061,60,-0.075667,6.0533,0.4846,0.001,0.99,0.002198
run_1778424061,61,-0.089750,7.1800,0.4788,0.001,0.99,0.003207
run_1778424061,62,-0.099833,7.9867,0.4731,0.001,0.99,0.002605
run_1778424061,63,-0.091917,7.3533,0.4674,0.001,0.99,0.002377
run_1778424061,64,-0.077667,6.2133,0.4618,0.001,0.99,0.002156
run_1778424061,65,-0.089167,7.1333,0.4562,0.001,0.99,0.002103
run_1778424061,66,-0.092750,7.4200,0.4508,0.001,0.99,0.002042
run_1778424061,67,-0.091000,7.2800,0.4454,0.001,0.99,0.002026
run_1778424061,68,-0.099417,7.9533,0.4400,0.001,0.99,0.002021
run_1778424061,69,-0.090500,7.2400,0.4347,0.001,0.99,0.001902
run_1778424061,70,-0.087458,6.9967,0.4295,0.001,0.99,0.001922
run_1778424061,71,-0.089833,7.1867,0.4244,0.001,0.99,0.003323
run_1778424061,72,-0.121708,9.7367,0.4193,0.001,0.99,0.002687
run_1778424061,73,-0.102292,8.1833,0.4142,0.001,0.99,0.002477
run_1778424061,74,-0.091958,7.3567,0.4093,0.001,0.99,0.002293
run_1778424061,75,-0.104208,8.3367,0.4044,0.001,0.99,0.002248
run_1778424061,76,-0.202583,16.2067,0.3995,0.001,0.99,0.002353
run_1778424061,77,-0.086417,6.9133,0.3947,0.001,0.99,0.002227
run_1778424061,78,-0.098625,7.8900,0.3900,0.001,0.99,0.002005
run_1778424061,79,-0.079667,6.3733,0.3853,0.001,0.99,0.002139
run_1778424061,80,-0.075000,6.0000,0.3807,0.001,0.99,0.002089
run_1778424061,81,-0.104333,8.3467,0.3761,0.001,0.99,0.003891
run_1778424061,82,-0.102125,8.1700,0.3716,0.001,0.99,0.003016
run_1778424061,83,-0.103250,8.2600,0.3671,0.001,0.99,0.002705
run_1778424061,84,-0.121417,9.7133,0.3627,0.001,0.99,0.002637
run_1778424061,85,-0.075708,6.0567,0.3584,0.001,0.99,0.002617
run_1778424061,86,-0.089792,7.1833,0.3541,0.001,0.99,0.002528
run_1778424061,87,-0.104583,8.3667,0.3498,0.001,0.99,0.002341
run_1778424061,88,-0.117583,9.4067,0.3456,0.001,0.99,0.002296
run_1778424061,89,-0.127833,10.2267,0.3415,0.001,0.99,0.002041
run_1778424061,90,-0.088500,7.0800,0.3374,0.001,0.99,0.002306
run_1778424061,91,-0.125292,10.0233,0.3333,0.001,0.99,0.004612
run_1778424061,92,-0.095875,7.6700,0.3293,0.001,0.99,0.003885
run_1778424061,93,-0.086208,6.8967,0.3254,0.001,0.99,0.003294
run_1778424061,94,-0.094958,7.5967,0.3215,0.001,0.99,0.003197
run_1778424061,95,-0.092000,7.3600,0.3176,0.001,0.99,0.003047
run_1778424061,96,-0.093292,7.4633,0.3138,0.001,0.99,0.002902
run_1778424061,97,-0.095875,7.6700,0.3100,0.001,0.99,0.002770
run_1778424061,98,-0.128167,10.2533,0.3063,0.001,0.99,0.002640
run_1778424061,99,-0.087792,7.0233,0.3026,0.001,0.99,0.002462
run_1778424061,100,-0.106667,8.5333,0.2990,0.001,0.99,0.002534
run_1778424061,101,-0.076458,6.1167,0.2954,0.001,0.99,0.004784
run_1778424061,102,-0.135625,10.8500,0.2919,0.001,0.99,0.004155
run_1778424061,103,-0.083583,6.6867,0.2884,0.001,0.99,0.003755
run_1778424061,104,-0.162708,13.0167,0.2849,0.001,0.99,0.003514
run_1778424061,105,-0.183792,14.7033,0.2815,0.001,0.99,0.003151
run_1778424061,106,-0.091167,7.2933,0.2781,0.001,0.99,0.003185
run_1778424061,107,-0.091500,7.3200,0.2748,0.001,0.99,0.003343
run_1778424061,108,-0.095375,7.6300,0.2715,0.001,0.99,0.003020
run_1778424061,109,-0.091625,7.3300,0.2682,0.001,0.99,0.003026
run_1778424061,110,-0.202750,16.2200,0.2650,0.001,0.99,0.002895
run_1778424061,111,-0.074375,5.9500,0.2618,0.001,0.99,0.005223
run_1778424061,112,-0.079542,6.3633,0.2587,0.001,0.99,0.004449
run_1778424061,113,-0.091167,7.2933,0.2556,0.001,0.99,0.003882
run_1778424061,114,-0.073792,5.9033,0.2525,0.001,0.99,0.003939
run_1778424061,115,-0.083375,6.6700,0.2495,0.001,0.99,0.003470
run_1778424061,116,-0.081000,6.4800,0.2465,0.001,0.99,0.003535
run_1778424061,117,-0.086083,6.8867,0.2435,0.001,0.99,0.003017
run_1778424061,118,-0.091458,7.3167,0.2406,0.001,0.99,0.003258
run_1778424061,119,-0.080333,6.4267,0.2377,0.001,0.99,0.003275
run_1778424061,120,-0.087000,6.9600,0.2349,0.001,0.99,0.003159
run_1778424061,121,-0.087500,7.0000,0.2321,0.001,0.99,0.005262
run_1778424061,122,-0.072625,5.8100,0.2293,0.001,0.99,0.004325
run_1778424061,123,-0.095833,7.6667,0.2265,0.001,0.99,0.003889
run_1778424061,124,-0.090083,7.2067,0.2238,0.001,0.99,0.003420
run_1778424061,125,-0.088542,7.0833,0.2211,0.001,0.99,0.003707
run_1778424061,126,-0.079417,6.3533,0.2185,0.001,0.99,0.003236
run_1778424061,127,-0.076083,6.0867,0.2158,0.001,0.99,0.003594
run_1778424061,128,-0.089167,7.1333,0.2132,0.001,0.99,0.003213
run_1778424061,129,-0.090917,7.2733,0.2107,0.001,0.99,0.003438
run_1778424061,130,-0.073375,5.8700,0.2082,0.001,0.99,0.003509
run_1778424061,131,-0.073875,5.9100,0.2057,0.001,0.99,0.004806
run_1778424061,132,-0.077833,6.2267,0.2032,0.001,0.99,0.004461
run_1778424061,133,-0.072958,5.8367,0.2008,0.001,0.99,0.004185
run_1778424061,134,-0.073625,5.8900,0.1983,0.001,0.99,0.003993
run_1778424061,135,-0.081958,6.5567,0.1960,0.001,0.99,0.004101
run_1778424061,136,-0.065375,5.2300,0.1936,0.001,0.99,0.004032
run_1778424061,137,-0.086292,6.9033,0.1913,0.001,0.99,0.003803
run_1778424061,138,-0.080667,6.4533,0.1890,0.001,0.99,0.003515
run_1778424061,139,-0.078000,6.2400,0.1867,0.001,0.99,0.003757
run_1778424061,140,-0.072917,5.8333,0.1845,0.001,0.99,0.003285
run_1778424061,141,-0.069500,5.5600,0.1823,0.001,0.99,0.004568
run_1778424061,142,-0.077208,6.1767,0.1801,0.001,0.99,0.004230
run_1778424061,143,-0.077917,6.2333,0.1779,0.001,0.99,0.004162
run_1778424061,144,-0.077750,6.2200,0.1758,0.001,0.99,0.003676
run_1778424061,145,-0.079833,6.3867,0.1737,0.001,0.99,0.004308
run_1778424061,146,-0.075333,6.0267,0.1716,0.001,0.99,0.003857
run_1778424061,147,-0.074417,5.9533,0.1695,0.001,0.99,0.003896
run_1778424061,148,-0.074500,5.9600,0.1675,0.001,0.99,0.003824
run_1778424061,149,-0.072792,5.8233,0.1655,0.001,0.99,0.003740
run_1778424061,150,-0.080500,6.4400,0.1635,0.001,0.99,0.003713
run_1778424061,151,-0.073875,5.9100,0.1615,0.001,0.99,0.004420
run_1778424061,152,-0.066875,5.3500,0.1596,0.001,0.99,0.004444
run_1778424061,153,-0.069000,5.5200,0.1577,0.001,0.99,0.003984
run_1778424061,154,-0.078375,6.2700,0.1558,0.001,0.99,0.003847
run_1778424061,155,-0.081583,6.5267,0.1539,0.001,0.99,0.003861
run_1778424061,156,-0.065375,5.2300,0.1521,0.001,0.99,0.003838
run_1778424061,157,-0.077083,6.1667,0.1503,0.001,0.99,0.003590
run_1778424061,158,-0.078000,6.2400,0.1485,0.001,0.99,0.004193
run_1778424061,159,-0.091500,7.3200,0.1467,0.001,0.99,0.003858
run_1778424061,160,-0.069583,5.5667,0.1449,0.001,0.99,0.003965
run_1778424061,161,-0.077417,6.1933,0.1432,0.001,0.99,0.004361
run_1778424061,162,-0.074875,5.9900,0.1415,0.001,0.99,0.004028
run_1778424061,163,-0.069083,5.5267,0.1398,0.001,0.99,0.004042
run_1778424061,164,-0.075000,6.0000,0.1381,0.001,0.99,0.004308
run_1778424061,165,-0.071625,5.7300,0.1364,0.001,0.99,0.004189
run_1778424061,166,-0.071750,5.7400,0.1348,0.001,0.99,0.004240
run_1778424061,167,-0.072292,5.7833,0.1332,0.001,0.99,0.004217
run_1778424061,168,-0.079667,6.3733,0.1316,0.001,0.99,0.004350
run_1778424061,169,-0.077333,6.1867,0.1300,0.001,0.99,0.004371
run_1778424061,170,-0.067292,5.3833,0.1284,0.001,0.99,0.004253
run_1778424061,171,-0.067708,5.4167,0.1269,0.001,0.99,0.004627
run_1778424061,172,-0.078333,6.2667,0.1254,0.001,0.99,0.004347
run_1778424061,173,-0.069042,5.5233,0.1239,0.001,0.99,0.004900
run_1778424061,174,-0.078667,6.2933,0.1224,0.001,0.99,0.004396
run_1778424061,175,-0.068417,5.4733,0.1209,0.001,0.99,0.004439
run_1778424061,176,-0.074750,5.9800,0.1195,0.001,0.99,0.004272
run_1778424061,177,-0.072917,5.8333,0.1180,0.001,0.99,0.004588
run_1778424061,178,-0.069958,5.5967,0.1166,0.001,0.99,0.004555
run_1778424061,179,-0.073167,5.8533,0.1152,0.001,0.99,0.005192
run_1778424061,180,-0.073125,5.8500,0.1138,0.001,0.99,0.003712
run_1778424061,181,-0.064625,5.1700,0.1125,0.001,0.99,0.005156
run_1778424061,182,-0.070500,5.6400,0.1111,0.001,0.99,0.004794
run_1778424061,183,-0.076250,6.1000,0.1098,0.001,0.99,0.004696
run_1778424061,184,-0.076875,6.1500,0.1085,0.001,0.99,0.004843
run_1778424061,185,-0.071167,5.6933,0.1072,0.001,0.99,0.004496
run_1778424061,186,-0.072250,5.7800,0.1059,0.001,0.99,0.005000
run_1778424061,187,-0.066458,5.3167,0.1046,0.001,0.99,0.004382
run_1778424061,188,-0.072417,5.7933,0.1033,0.001,0.99,0.004647
run_1778424061,189,-0.073083,5.8467,0.1021,0.001,0.99,0.004672
run_1778424061,190,-0.063875,5.1100,0.1009,0.001,0.99,0.004887
run_1778424061,191,-0.066875,5.3500,0.0997,0.001,0.99,0.005606
run_1778424061,192,-0.064000,5.1200,0.0985,0.001,0.99,0.005312
run_1778424061,193,-0.069625,5.5700,0.0973,0.001,0.99,0.004240
run_1778424061,194,-0.100667,8.0533,0.0961,0.001,0.99,0.005178
run_1778424061,195,-0.072167,5.7733,0.0950,0.001,0.99,0.005357
run_1778424061,196,-0.061958,4.9567,0.0938,0.001,0.99,0.005097
run_1778424061,197,-0.082333,6.5867,0.0927,0.001,0.99,0.004929
run_1778424061,198,-0.068667,5.4933,0.0916,0.001,0.99,0.005123
run_1778424061,199,-0.061167,4.8933,0.0905,0.001,0.99,0.004654
run_1778424061,200,-0.081625,6.5300,0.0894,0.001,0.99,0.004947
run_1778424061,201,-0.069792,5.5833,0.0883,0.001,0.99,0.005844
run_1778424061,202,-0.073000,5.8400,0.0873,0.001,0.99,0.005566
run_1778424061,203,-0.063333,5.0667,0.0862,0.001,0.99,0.005826
run_1778424061,204,-0.072208,5.7767,0.0852,0.001,0.99,0.005369
run_1778424061,205,-0.072833,5.8267,0.0842,0.001,0.99,0.005345
run_1778424061,206,-0.081625,6.5300,0.0832,0.001,0.99,0.005147
run_1778424061,207,-0.061167,4.8933,0.0822,0.001,0.99,0.004896
run_1778424061,208,-0.076375,6.1100,0.0812,0.001,0.99,0.005922
run_1778424061,209,-0.073375,5.8700,0.0802,0.001,0.99,0.004975
run_1778424061,210,-0.073458,5.8767,0.0792,0.001,0.99,0.004932
run_1778424061,211,-0.080667,6.4533,0.0783,0.001,0.99,0.005271
run_1778424061,212,-0.072250,5.7800,0.0774,0.001,0.99,0.006036
run_1778424061,213,-0.073708,5.8967,0.0764,0.001,0.99,0.004859
run_1778424061,214,-0.072542,5.8033,0.0755,0.001,0.99,0.004857
run_1778424061,215,-0.068833,5.5067,0.0746,0.001,0.99,0.005260
run_1778424061,216,-0.066375,5.3100,0.0737,0.001,0.99,0.005914
run_1778424061,217,-0.081292,6.5033,0.0728,0.001,0.99,0.005287
run_1778424061,218,-0.064542,5.1633,0.0719,0.001,0.99,0.005575
run_1778424061,219,-0.078292,6.2633,0.0711,0.001,0.99,0.005596
run_1778424061,220,-0.074167,5.9333,0.0702,0.001,0.99,0.005658
run_1778424061,221,-0.066417,5.3133,0.0694,0.001,0.99,0.005924
run_1778424061,222,-0.057542,4.6033,0.0686,0.001,0.99,0.006145
run_1778424061,223,-0.072708,5.8167,0.0677,0.001,0.99,0.005341
run_1778424061,224,-0.070083,5.6067,0.0669,0.001,0.99,0.005672
run_1778424061,225,-0.074083,5.9267,0.0661,0.001,0.99,0.005557
run_1778424061,226,-0.068250,5.4600,0.0653,0.001,0.99,0.006168
run_1778424061,227,-0.070375,5.6300,0.0645,0.001,0.99,0.005880
run_1778424061,228,-0.078500,6.2800,0.0638,0.001,0.99,0.005388
run_1778424061,229,-0.070542,5.6433,0.0630,0.001,0.99,0.006052
run_1778424061,230,-0.073583,5.8867,0.0622,0.001,0.99,0.005517
run_1778424061,231,-0.068500,5.4800,0.0615,0.001,0.99,0.006245
run_1778424061,232,-0.068875,5.5100,0.0608,0.001,0.99,0.006495
run_1778424061,233,-0.074583,5.9667,0.0600,0.001,0.99,0.005899
run_1778424061,234,-0.068542,5.4833,0.0593,0.001,0.99,0.006168
run_1778424061,235,-0.073083,5.8467,0.0586,0.001,0.99,0.005890
run_1778424061,236,-0.074750,5.9800,0.0579,0.001,0.99,0.005845
run_1778424061,237,-0.072708,5.8167,0.0572,0.001,0.99,0.006276
run_1778424061,238,-0.072750,5.8200,0.0565,0.001,0.99,0.005490
run_1778424061,239,-0.065958,5.2767,0.0558,0.001,0.99,0.006079
run_1778424061,240,-0.081250,6.5000,0.0552,0.001,0.99,0.005833
run_1778424061,241,-0.070208,5.6167,0.0545,0.001,0.99,0.006439
run_1778424061,242,-0.084250,6.7400,0.0538,0.001,0.99,0.006438
run_1778424061,243,-0.069875,5.5900,0.0532,0.001,0.99,0.006666
run_1778424061,244,-0.081792,6.5433,0.0526,0.001,0.99,0.005760
run_1778424061,245,-0.069625,5.5700,0.0519,0.001,0.99,0.006255
run_1778424061,246,-0.067750,5.4200,0.0513,0.001,0.99,0.005846
run_1778424061,247,-0.069375,5.5500,0.0507,0.001,0.99,0.006156
run_1778424061,248,-0.070042,5.6033,0.0501,0.001,0.99,0.007142
run_1778424061,249,-0.085792,6.8633,0.0500,0.001,0.99,0.007338
run_1778424061,250,-0.060750,4.8600,0.0500,0.001,0.99,0.006096
run_1778424061,251,-0.078208,6.2567,0.0500,0.001,0.99,0.007471
run_1778424061,252,-0.072250,5.7800,0.0500,0.001,0.99,0.007241
run_1778424061,253,-0.070958,5.6767,0.0500,0.001,0.99,0.007463
run_1778424061,254,-0.074333,5.9467,0.0500,0.001,0.99,0.006876
run_1778424061,255,-0.081250,6.5000,0.0500,0.001,0.99,0.006642
run_1778424061,256,-0.071667,5.7333,0.0500,0.001,0.99,0.007240
run_1778424061,257,-0.062500,5.0000,0.0500,0.001,0.99,0.007099
run_1778424061,258,-0.062042,4.9633,0.0500,0.001,0.99,0.007156
run_1778424061,259,-0.078667,6.2933,0.0500,0.001,0.99,0.006472
run_1778424061,260,-0.077542,6.2033,0.0500,0.001,0.99,0.006589
run_1778424061,261,-0.074458,5.9567,0.0500,0.001,0.99,0.007005
run_1778424061,262,-0.080000,6.4000,0.0500,0.001,0.99,0.007449
run_1778424061,263,-0.068292,5.4633,0.0500,0.001,0.99,0.006953
run_1778424061,264,-0.067250,5.3800,0.0500,0.001,0.99,0.006852
run_1778424061,265,-0.073542,5.8833,0.0500,0.001,0.99,0.007108
run_1778424061,266,-0.078458,6.2767,0.0500,0.001,0.99,0.007547
run_1778424061,267,-0.066792,5.3433,0.0500,0.001,0.99,0.006646
run_1778424061,268,-0.074542,5.9633,0.0500,0.001,0.99,0.006713
run_1778424061,269,-0.068875,5.5100,0.0500,0.001,0.99,0.007480
run_1778424061,270,-0.072125,5.7700,0.0500,0.001,0.99,0.007097
run_1778424061,271,-0.061708,4.9367,0.0500,0.001,0.99,0.008503
run_1778424061,272,-0.074417,5.9533,0.0500,0.001,0.99,0.006984
run_1778424061,273,-0.070625,5.6500,0.0500,0.001,0.99,0.006796
run_1778424061,274,-0.076292,6.1033,0.0500,0.001,0.99,0.008777
run_1778424061,275,-0.070750,5.6600,0.0500,0.001,0.99,0.007473
run_1778424061,276,-0.075833,6.0667,0.0500,0.001,0.99,0.007470
run_1778424061,277,-0.070625,5.6500,0.0500,0.001,0.99,0.007793
run_1778424061,278,-0.078208,6.2567,0.0500,0.001,0.99,0.007824
run_1778424061,279,-0.074292,5.9433,0.0500,0.001,0.99,0.006732
run_1778424061,280,-0.068708,5.4967,0.0500,0.001,0.99,0.007783
run_1778424061,281,-0.075875,6.0700,0.0500,0.001,0.99,0.007547
run_1778424061,282,-0.073083,5.8467,0.0500,0.001,0.99,0.007893
run_1778424061,283,-0.074458,5.9567,0.0500,0.001,0.99,0.007323
run_1778424061,284,-0.070542,5.6433,0.0500,0.001,0.99,0.008496
run_1778424061,285,-0.071583,5.7267,0.0500,0.001,0.99,0.007549
run_1778424061,286,-0.070167,5.6133,0.0500,0.001,0.99,0.007697
run_1778424061,287,-0.066917,5.3533,0.0500,0.001,0.99,0.008045
run_1778424061,288,-0.067792,5.4233,0.0500,0.001,0.99,0.008713
run_1778424061,289,-0.073542,5.8833,0.0500,0.001,0.99,0.007829
run_1778424061,290,-0.075000,6.0000,0.0500,0.001,0.99,0.007176
run_1778424061,291,-0.077083,6.1667,0.0500,0.001,0.99,0.008620
run_1778424061,292,-0.066625,5.3300,0.0500,0.001,0.99,0.008349
run_1778424061,293,-0.065875,5.2700,0.0500,0.001,0.99,0.007833
run_1778424061,294,-0.071000,5.6800,0.0500,0.001,0.99,0.008047
run_1778424061,295,-0.075042,6.0033,0.0500,0.001,0.99,0.007617
run_1778424061,296,-0.070875,5.6700,0.0500,0.001,0.99,0.008106
run_1778424061,297,-0.073958,5.9167,0.0500,0.001,0.99,0.008205
run_1778424061,298,-0.063667,5.0933,0.0500,0.001,0.99,0.008303
run_1778424061,299,-0.076167,6.0933,0.0500,0.001,0.99,0.008031
run_1778424061,300,-0.064333,5.1467,0.0500,0.001,0.99,0.007316
run_1778424061,301,-0.059292,4.7433,0.0500,0.001,0.99,0.008683
run_1778424061,302,-0.067292,5.3833,0.0500,0.001,0.99,0.008298
run_1778424061,303,-0.069458,5.5567,0.0500,0.001,0.99,0.008047
run_1778424061,304,-0.071583,5.7267,0.0500,0.001,0.99,0.009115
run_1778424061,305,-0.069875,5.5900,0.0500,0.001,0.99,0.008663
run_1778424061,306,-0.069792,5.5833,0.0500,0.001,0.99,0.008132
run_1778424061,307,-0.070208,5.6167,0.0500,0.001,0.99,0.008237
run_1778424061,308,-0.059583,4.7667,0.0500,0.001,0.99,0.007361
run_1778424061,309,-0.074167,5.9333,0.0500,0.001,0.99,0.007896
run_1778424061,310,-0.064500,5.1600,0.0500,0.001,0.99,0.007724
run_1778424061,311,-0.065208,5.2167,0.0500,0.001,0.99,0.007841
run_1778424061,312,-0.068292,5.4633,0.0500,0.001,0.99,0.008387
run_1778424061,313,-0.073167,5.8533,0.0500,0.001,0.99,0.008850
run_1778424061,314,-0.066292,5.3033,0.0500,0.001,0.99,0.008437
run_1778424061,315,-0.084083,6.7267,0.0500,0.001,0.99,0.008362
run_1778424061,316,-0.072208,5.7767,0.0500,0.001,0.99,0.009048
run_1778424061,317,-0.074750,5.9800,0.0500,0.001,0.99,0.009216
run_1778424061,318,-0.072292,5.7833,0.0500,0.001,0.99,0.008350
run_1778424061,319,-0.064875,5.1900,0.0500,0.001,0.99,0.007894
run_1778424061,320,-0.068833,5.5067,0.0500,0.001,0.99,0.009690
run_1778424061,321,-0.073000,5.8400,0.0500,0.001,0.99,0.010996
run_1778424061,322,-0.068958,5.5167,0.0500,0.001,0.99,0.009211
run_1778424061,323,-0.072083,5.7667,0.0500,0.001,0.99,0.008926
run_1778424061,324,-0.068792,5.5033,0.0500,0.001,0.99,0.009375
run_1778424061,325,-0.074708,5.9767,0.0500,0.001,0.99,0.008490
run_1778424061,326,-0.068417,5.4733,0.0500,0.001,0.99,0.008104
run_1778424061,327,-0.067042,5.3633,0.0500,0.001,0.99,0.009087
run_1778424061,328,-0.064958,5.1967,0.0500,0.001,0.99,0.009818
run_1778424061,329,-0.075667,6.0533,0.0500,0.001,0.99,0.009413
run_1778424061,330,-0.072292,5.7833,0.0500,0.001,0.99,0.009276
run_1778424061,331,-0.076000,6.0800,0.0500,0.001,0.99,0.009724
run_1778424061,332,-0.072875,5.8300,0.0500,0.001,0.99,0.008897
run_1778424061,333,-0.067125,5.3700,0.0500,0.001,0.99,0.009677
run_1778424061,334,-0.072917,5.8333,0.0500,0.001,0.99,0.009673
run_1778424061,335,-0.062667,5.0133,0.0500,0.001,0.99,0.009334
run_1778424061,336,-0.071542,5.7233,0.0500,0.001,0.99,0.009055
run_1778424061,337,-0.073875,5.9100,0.0500,0.001,0.99,0.008975
run_1778424061,338,-0.073500,5.8800,0.0500,0.001,0.99,0.009715
run_1778424061,339,-0.075875,6.0700,0.0500,0.001,0.99,0.008582
run_1778424061,340,-0.065250,5.2200,0.0500,0.001,0.99,0.008900
run_1778424061,341,-0.075292,6.0233,0.0500,0.001,0.99,0.009855
run_1778424061,342,-0.072458,5.7967,0.0500,0.001,0.99,0.009679
run_1778424061,343,-0.051417,4.1133,0.0500,0.001,0.99,0.008776
run_1778424061,344,-0.069250,5.5400,0.0500,0.001,0.99,0.009833
run_1778424061,345,-0.067500,5.4000,0.0500,0.001,0.99,0.008810
run_1778424061,346,-0.076792,6.1433,0.0500,0.001,0.99,0.009314
run_1778424061,347,-0.067958,5.4367,0.0500,0.001,0.99,0.009149
run_1778424061,348,-0.064542,5.1633,0.0500,0.001,0.99,0.008170
run_1778424061,349,-0.066000,5.2800,0.0500,0.001,0.99,0.008840
run_1778424061,350,-0.064292,5.1433,0.0500,0.001,0.99,0.010404
run_1778424061,351,-0.066667,5.3333,0.0500,0.001,0.99,0.009710
run_1778424061,352,-0.075625,6.0500,0.0500,0.001,0.99,0.009501
run_1778424061,353,-0.063917,5.1133,0.0500,0.001,0.99,0.009889
run_1778424061,354,-0.068000,5.4400,0.0500,0.001,0.99,0.010804
run_1778424061,355,-0.070083,5.6067,0.0500,0.001,0.99,0.010155
run_1778424061,356,-0.078292,6.2633,0.0500,0.001,0.99,0.010330
run_1778424061,357,-0.082792,6.6233,0.0500,0.001,0.99,0.009002
run_1778424061,358,-0.077125,6.1700,0.0500,0.001,0.99,0.010059
run_1778424061,359,-0.072000,5.7600,0.0500,0.001,0.99,0.011648
run_1778424061,360,-0.084708,6.7767,0.0500,0.001,0.99,0.010168
run_1778424061,361,-0.063208,5.0567,0.0500,0.001,0.99,0.009270
run_1778424061,362,-0.063417,5.0733,0.0500,0.001,0.99,0.010467
run_1778424061,363,-0.077000,6.1600,0.0500,0.001,0.99,0.010246
run_1778424061,364,-0.076958,6.1567,0.0500,0.001,0.99,0.010143
run_1778424061,365,-0.071917,5.7533,0.0500,0.001,0.99,0.009099
run_1778424061,366,-0.068292,5.4633,0.0500,0.001,0.99,0.010288
run_1778424061,367,-0.072875,5.8300,0.0500,0.001,0.99,0.009648
run_1778424061,368,-0.073583,5.8867,0.0500,0.001,0.99,0.010674
run_1778424061,369,-0.076625,6.1300,0.0500,0.001,0.99,0.010683
run_1778424061,370,-0.068083,5.4467,0.0500,0.001,0.99,0.011569
run_1778424061,371,-0.067083,5.3667,0.0500,0.001,0.99,0.010339
run_1778424061,372,-0.071583,5.7267,0.0500,0.001,0.99,0.010996
run_1778424061,373,-0.070292,5.6233,0.0500,0.001,0.99,0.009746
run_1778424061,374,-0.069875,5.5900,0.0500,0.001,0.99,0.010692
run_1778424061,375,-0.082042,6.5633,0.0500,0.001,0.99,0.010879
run_1778424061,376,-0.066625,5.3300,0.0500,0.001,0.99,0.009480
run_1778424061,377,-0.068292,5.4633,0.0500,0.001,0.99,0.013159
run_1778424061,378,-0.070125,5.6100,0.0500,0.001,0.99,0.010967
run_1778424061,379,-0.074333,5.9467,0.0500,0.001,0.99,0.011296
run_1778424061,380,-0.070042,5.6033,0.0500,0.001,0.99,0.010893
run_1778424061,381,-0.082250,6.5800,0.0500,0.001,0.99,0.012500
run_1778424061,382,-0.069375,5.5500,0.0500,0.001,0.99,0.011214
run_1778424061,383,-0.067625,5.4100,0.0500,0.001,0.99,0.012627
run_1778424061,384,-0.068208,5.4567,0.0500,0.001,0.99,0.010985
run_1778424061,385,-0.071417,5.7133,0.0500,0.001,0.99,0.011766
run_1778424061,386,-0.074958,5.9967,0.0500,0.001,0.99,0.011362
run_1778424061,387,-0.073875,5.9100,0.0500,0.001,0.99,0.009978
run_1778424061,388,-0.071208,5.6967,0.0500,0.001,0.99,0.012886
run_1778424061,389,-0.068750,5.5000,0.0500,0.001,0.99,0.010400
run_1778424061,390,-0.075000,6.0000,0.0500,0.001,0.99,0.012600
run_1778424061,391,-0.073583,5.8867,0.0500,0.001,0.99,0.013012
run_1778424061,392,-0.066875,5.3500,0.0500,0.001,0.99,0.011184
run_1778424061,393,-0.068833,5.5067,0.0500,0.001,0.99,0.013831
run_1778424061,394,-0.078042,6.2433,0.0500,0.001,0.99,0.012713
run_1778424061,395,-0.067125,5.3700,0.0500,0.001,0.99,0.011359
run_1778424061,396,-0.071750,5.7400,0.0500,0.001,0.99,0.011032
run_1778424061,397,-0.066833,5.3467,0.0500,0.001,0.99,0.011745
run_1778424061,398,-0.068333,5.4667,0.0500,0.001,0.99,0.012882
run_1778424061,399,-0.074083,5.9267,0.0500,0.001,0.99,0.011346
run_1778424061,400,-0.084375,6.7500,0.0500,0.001,0.99,0.012677
run_1778424061,401,-0.063375,5.0700,0.0500,0.001,0.99,0.012574
run_1778424061,402,-0.065333,5.2267,0.0500,0.001,0.99,0.013123
run_1778424061,403,-0.071333,5.7067,0.0500,0.001,0.99,0.012466
run_1778424061,404,-0.066500,5.3200,0.0500,0.001,0.99,0.010310
run_1778424061,405,-0.070083,5.6067,0.0500,0.001,0.99,0.012351
run_1778424061,406,-0.074250,5.9400,0.0500,0.001,0.99,0.013649
run_1778424061,407,-0.071167,5.6933,0.0500,0.001,0.99,0.011032
run_1778424061,408,-0.074833,5.9867,0.0500,0.001,0.99,0.010486
run_1778424061,409,-0.065708,5.2567,0.0500,0.001,0.99,0.011047
run_1778424061,410,-0.069875,5.5900,0.0500,0.001,0.99,0.011636
run_1778424061,411,-0.066458,5.3167,0.0500,0.001,0.99,0.011528
run_1778424061,412,-0.072208,5.7767,0.0500,0.001,0.99,0.012135
run_1778424061,413,-0.073250,5.8600,0.0500,0.001,0.99,0.011830
run_1778424061,414,-0.062750,5.0200,0.0500,0.001,0.99,0.012516
run_1778424061,415,-0.071542,5.7233,0.0500,0.001,0.99,0.013733
run_1778424061,416,-0.068708,5.4967,0.0500,0.001,0.99,0.011914
run_1778424061,417,-0.064500,5.1600,0.0500,0.001,0.99,0.010874
run_1778424061,418,-0.076792,6.1433,0.0500,0.001,0.99,0.013607
run_1778424061,419,-0.066167,5.2933,0.0500,0.001,0.99,0.012710
run_1778424061,420,-0.074625,5.9700,0.0500,0.001,0.99,0.011814
run_1778424061,421,-0.071917,5.7533,0.0500,0.001,0.99,0.011790
run_1778424061,422,-0.079417,6.3533,0.0500,0.001,0.99,0.012806
run_1778424061,423,-0.076208,6.0967,0.0500,0.001,0.99,0.011069
run_1778424061,424,-0.082542,6.6033,0.0500,0.001,0.99,0.010290
run_1778424061,425,-0.069375,5.5500,0.0500,0.001,0.99,0.012509
run_1778424061,426,-0.064375,5.1500,0.0500,0.001,0.99,0.010029
run_1778424061,427,-0.064500,5.1600,0.0500,0.001,0.99,0.011825
run_1778424061,428,-0.068583,5.4867,0.0500,0.001,0.99,0.012395
run_1778424061,429,-0.071083,5.6867,0.0500,0.001,0.99,0.013516
run_1778424061,430,-0.087500,7.0000,0.0500,0.001,0.99,0.012188
run_1778424061,431,-0.091667,7.3333,0.0500,0.001,0.99,0.011633
run_1778424061,432,-0.071833,5.7467,0.0500,0.001,0.99,0.011866
run_1778424061,433,-0.078458,6.2767,0.0500,0.001,0.99,0.011439
run_1778424061,434,-0.073583,5.8867,0.0500,0.001,0.99,0.011208
run_1778424061,435,-0.076667,6.1333,0.0500,0.001,0.99,0.012541
run_1778424061,436,-0.060625,4.8500,0.0500,0.001,0.99,0.012723
run_1778424061,437,-0.071250,5.7000,0.0500,0.001,0.99,0.013644
run_1778424061,438,-0.068458,5.4767,0.0500,0.001,0.99,0.012721
run_1778424061,439,-0.067667,5.4133,0.0500,0.001,0.99,0.010865
run_1778424061,440,-0.084458,6.7567,0.0500,0.001,0.99,0.012762
run_1778424061,441,-0.067917,5.4333,0.0500,0.001,0.99,0.015152
run_1778424061,442,-0.072042,5.7633,0.0500,0.001,0.99,0.014334
run_1778424061,443,-0.067833,5.4267,0.0500,0.001,0.99,0.013757
run_1778424061,444,-0.076917,6.1533,0.0500,0.001,0.99,0.011541
run_1778424061,445,-0.076167,6.0933,0.0500,0.001,0.99,0.013811
run_1778424061,446,-0.071625,5.7300,0.0500,0.001,0.99,0.014033
run_1778424061,447,-0.071083,5.6867,0.0500,0.001,0.99,0.011224
run_1778424061,448,-0.069125,5.5300,0.0500,0.001,0.99,0.012398
run_1778424061,449,-0.074083,5.9267,0.0500,0.001,0.99,0.012222
run_1778424061,450,-0.076583,6.1267,0.0500,0.001,0.99,0.013128
run_1778424061,451,-0.071667,5.7333,0.0500,0.001,0.99,0.013762
run_1778424061,452,-0.067333,5.3867,0.0500,0.001,0.99,0.012260
run_1778424061,453,-0.069917,5.5933,0.0500,0.001,0.99,0.015146
run_1778424061,454,-0.077042,6.1633,0.0500,0.001,0.99,0.013254
run_1778424061,455,-0.074250,5.9400,0.0500,0.001,0.99,0.011898
run_1778424061,456,-0.064125,5.1300,0.0500,0.001,0.99,0.013157
run_1778424061,457,-0.074208,5.9367,0.0500,0.001,0.99,0.013101
run_1778424061,458,-0.080167,6.4133,0.0500,0.001,0.99,0.012900
run_1778424061,459,-0.073208,5.8567,0.0500,0.001,0.99,0.011935
run_1778424061,460,-0.069625,5.5700,0.0500,0.001,0.99,0.013152
run_1778424061,461,-0.076708,6.1367,0.0500,0.001,0.99,0.013726
run_1778424061,462,-0.071208,5.6967,0.0500,0.001,0.99,0.014111
run_1778424061,463,-0.076208,6.0967,0.0500,0.001,0.99,0.013385
run_1778424061,464,-0.069333,5.5467,0.0500,0.001,0.99,0.014812
run_1778424061,465,-0.071167,5.6933,0.0500,0.001,0.99,0.014088
run_1778424061,466,-0.072042,5.7633,0.0500,0.001,0.99,0.011930
run_1778424061,467,-0.071917,5.7533,0.0500,0.001,0.99,0.015830
run_1778424061,468,-0.076583,6.1267,0.0500,0.001,0.99,0.012856
run_1778424061,469,-0.066833,5.3467,0.0500,0.001,0.99,0.013463
run_1778424061,470,-0.069750,5.5800,0.0500,0.001,0.99,0.013481
run_1778424061,471,-0.065000,5.2000,0.0500,0.001,0.99,0.013629
run_1778424061,472,-0.081958,6.5567,0.0500,0.001,0.99,0.013451
run_1778424061,473,-0.070167,5.6133,0.0500,0.001,0.99,0.014093
run_1778424061,474,-0.069375,5.5500,0.0500,0.001,0.99,0.012441
run_1778424061,475,-0.060208,4.8167,0.0500,0.001,0.99,0.014885
run_1778424061,476,-0.072917,5.8333,0.0500,0.001,0.99,0.015807
run_1778424061,477,-0.075667,6.0533,0.0500,0.001,0.99,0.014130
run_1778424061,478,-0.077542,6.2033,0.0500,0.001,0.99,0.015072
run_1778424061,479,-0.082292,6.5833,0.0500,0.001,0.99,0.013164
run_1778424061,480,-0.069458,5.5567,0.0500,0.001,0.99,0.013756
run_1778424061,481,-0.071375,5.7100,0.0500,0.001,0.99,0.013005
run_1778424061,482,-0.068542,5.4833,0.0500,0.001,0.99,0.017322
run_1778424061,483,-0.073375,5.8700,0.0500,0.001,0.99,0.016297
run_1778424061,484,-0.065167,5.2133,0.0500,0.001,0.99,0.015190
run_1778424061,485,-0.060167,4.8133,0.0500,0.001,0.99,0.012833
run_1778424061,486,-0.073333,5.8667,0.0500,0.001,0.99,0.014550
run_1778424061,487,-0.070042,5.6033,0.0500,0.001,0.99,0.014605
run_1778424061,488,-0.061958,4.9567,0.0500,0.001,0.99,0.015513
run_1778424061,489,-0.072708,5.8167,0.0500,0.001,0.99,0.013787
run_1778424061,490,-0.068875,5.5100,0.0500,0.001,0.99,0.015478
run_1778424061,491,-0.066000,5.2800,0.0500,0.001,0.99,0.015579
run_1778424061,492,-0.073667,5.8933,0.0500,0.001,0.99,0.015565
run_1778424061,493,-0.073917,5.9133,0.0500,0.001,0.99,0.011720
run_1778424061,494,-0.073375,5.8700,0.0500,0.001,0.99,0.015315
run_1778424061,495,-0.070875,5.6700,0.0500,0.001,0.99,0.014593
run_1778424061,496,-0.067833,5.4267,0.0500,0.001,0.99,0.013716
run_1778424061,497,-0.068583,5.4867,0.0500,0.001,0.99,0.018204
run_1778424061,498,-0.074208,5.9367,0.0500,0.001,0.99,0.013327
run_1778424061,499,-0.063542,5.0833,0.0500,0.001,0.99,0.014417
run_1778424061,500,-0.080458,6.4367,0.0500,0.001,0.99,0.013881
